timestamp,temperature,vibration,pressure,failure,Usage
2023-11-15 00:00:00,47.445332773286026,-1.6926457532603172,-1.9813636881754206,0.0,1.3541937468710277
2023-11-15 01:00:00,46.98692680416812,-0.4567418281320991,9.866357630921003,0.0,13.188001510991556
2023-11-15 02:00:00,47.52023987628234,1.1323576157230677,13.22590431582603,0.0,-1.1421464766185951
2023-11-15 03:00:00,47.147564001839044,0.08502551455678867,22.14681113493204,1.0,-2.906442376461985
2023-11-15 04:00:00,49.191569230587646,0.5106278458341803,8.199861369449739,0.0,3.192628781255283
2023-11-15 05:00:00,48.18658936588269,1.0655492090805052,2.671759117364507,0.0,3.4956930552546255
2023-11-15 06:00:00,45.526293029429105,-1.1628877856640856,11.92797958897591,0.0,2.695504769327507
2023-11-15 07:00:00,48.53569993942991,0.19778265016308522,11.381813549256488,0.0,6.6996485832056
2023-11-15 08:00:00,46.41891804471593,1.759253727483505,-0.28101796474586926,0.0,5.783270100745476
2023-11-15 09:00:00,49.00334455355392,-0.9969300356932158,2.913333385777406,0.0,9.060793640358495
2023-11-15 10:00:00,46.65639520243019,1.09481808009852,5.059157603757079,0.0,-3.2212642098391635
2023-11-15 11:00:00,47.378202390259275,0.7403196010782506,12.273581045201519,0.0,2.143565407220226
2023-11-15 12:00:00,47.18879445316609,-0.243837895924933,9.219520383823879,0.0,3.5621722255607216
2023-11-15 13:00:00,48.368047981412595,-0.7591497168451209,12.676861106738883,0.0,7.787761206504303
2023-11-15 14:00:00,45.89841216299249,-0.8362667202287305,8.248049022158948,0.0,0.4912543975182402
2023-11-15 15:00:00,47.4248882619818,0.044484995615189774,3.6917782957369933,0.0,2.8055560503328856
2023-11-15 16:00:00,47.72355138648825,-0.5222130168650577,15.382037352844561,0.0,-0.1733946550497425
2023-11-15 17:00:00,46.673617058175175,0.3334347923637909,8.879955974709938,0.0,3.2943094867591722
2023-11-15 18:00:00,46.71828497121915,-1.7334829039514856,6.493460375418036,0.0,3.814557696218589
2023-11-15 19:00:00,46.920451461216516,-0.21834851202226518,2.1159441647662893,0.0,8.826714004574965
2023-11-15 20:00:00,49.40941347248899,-1.3247272451027268,-1.1082099189050219,0.0,10.000971336475555
2023-11-15 21:00:00,46.4216553855469,1.3159366549637677,6.442210737670657,0.0,17.36985301841225
2023-11-15 22:00:00,46.585114936326285,0.7068271235426017,3.400774216713258,0.0,4.059738525083756
2023-11-15 23:00:00,45.152223757024196,0.3137363851083097,14.675255674828328,0.0,1.7981313833319463
2023-11-16 00:00:00,48.43270527541922,1.1347218193440263,5.502327545170859,0.0,10.372093749205682
2023-11-16 01:00:00,48.52559113256253,0.6602349827882381,10.463226770826573,0.0,11.952414523109287
2023-11-16 02:00:00,48.67929975787444,-1.0018531112856495,11.243219404114816,0.0,10.275714526788734
2023-11-16 03:00:00,46.55596449726902,0.614665181039005,14.975042331160077,0.0,2.9749727735701192
2023-11-16 04:00:00,45.68803420713538,1.3945123722757333,14.62365667593422,0.0,7.897164631423149
2023-11-16 05:00:00,47.31151662556992,1.3035818480931836,5.2317220500743336,0.0,3.7545606095982054
2023-11-16 06:00:00,47.5109396812634,0.12076135913494751,20.93276914062035,0.0,-6.602099637913243
2023-11-16 07:00:00,47.81612123534313,-1.8955688211874009,18.39823634329577,0.0,5.981905902235838
2023-11-16 08:00:00,46.15287478129642,-0.14628844727648493,9.002439153280246,0.0,2.408880353572517
2023-11-16 09:00:00,47.198224398751734,0.8728157653385288,13.836543833314831,0.0,0.8979938127805696
2023-11-16 10:00:00,47.59367590972746,-0.5042471468290289,15.85804113266881,0.0,9.088522491387343
2023-11-16 11:00:00,47.11960227207534,0.002259503469204005,15.613421445453199,0.0,12.46455403392753
2023-11-16 12:00:00,44.89645264374785,-0.8556914570385431,18.052293240722882,0.0,6.040807565023946
2023-11-16 13:00:00,47.151550845755494,-1.069481300248327,12.692763344081307,0.0,13.347202060270416
2023-11-16 14:00:00,48.33673998399632,-1.2085428511388843,15.829206299414373,0.0,4.6524750577758525
2023-11-16 15:00:00,48.2582798492686,-1.763802026390969,10.00057198914045,0.0,13.645717451216976
2023-11-16 16:00:00,47.52569028291175,-0.3093864259357725,-2.057233102290681,0.0,5.39677139763138
2023-11-16 17:00:00,47.48144847471836,-2.2824761486385383,3.284668853135572,0.0,6.585162630083683
2023-11-16 18:00:00,46.81892188724625,2.885124858061319,11.940579781550237,0.0,9.777141443231116
2023-11-16 19:00:00,47.58951147880972,-0.4794137569727835,16.117346557682573,0.0,6.693277445943679
2023-11-16 20:00:00,48.603572378861344,-0.2746913683712938,15.37349179347432,0.0,-1.777619665963357
2023-11-16 21:00:00,46.425661186726366,0.5281737948994111,10.555986707220072,0.0,3.1641656796864366
2023-11-16 22:00:00,45.76726682562089,-0.18767629747473757,3.689829522355038,0.0,13.021679038519116
2023-11-16 23:00:00,47.76412849465096,0.7560888902751223,9.409421499092636,0.0,21.29826197104508
2023-11-17 00:00:00,45.94017137313654,1.0593726872444083,7.149054166106748,0.0,13.827093813163552
2023-11-17 01:00:00,46.62438264700341,1.30967187753157,14.899465827707145,0.0,11.58448379283526
2023-11-17 02:00:00,45.958291072662206,-0.07064775798243086,18.492696424877025,0.0,16.31863507040104
2023-11-17 03:00:00,48.523890998512236,1.9604024572932852,9.111258489596912,0.0,11.97828783549956
2023-11-17 04:00:00,48.3040301163343,0.42562942214519583,11.490212625035747,0.0,11.850121980809565
2023-11-17 05:00:00,46.848980203477964,-1.261879245656605,18.43931957494542,0.0,12.392342725629142
2023-11-17 06:00:00,46.67139508163412,0.7538009498066937,3.114167839075331,0.0,13.685736215085434
2023-11-17 07:00:00,48.37180599790194,-0.6377318182031385,2.3687066276674607,0.0,13.158802281130956
2023-11-17 08:00:00,47.46458476045122,-0.15757485254237674,12.746803275411471,0.0,1.6150666838777923
2023-11-17 09:00:00,46.31117497913191,-1.7255989194081942,12.462691268186756,0.0,5.97997125364863
2023-11-17 10:00:00,46.71905564449797,-0.7105139546794218,-1.6740056190729202,0.0,13.158121699838988
2023-11-17 11:00:00,47.42810858904056,0.9119336667440929,12.953370281784725,0.0,16.867855076265972
2023-11-17 12:00:00,46.1086456839188,0.17454341225220182,3.1525495835430295,0.0,14.832366972667838
2023-11-17 13:00:00,47.40529052767117,-0.8633975514778159,9.1227709172802,0.0,16.478643079758776
2023-11-17 14:00:00,47.00993218454405,0.7010580095340468,7.913569656983567,0.0,14.72140243319981
2023-11-17 15:00:00,47.63316213225742,-1.7823571940494063,11.150746796134431,0.0,18.107405684346677
2023-11-17 16:00:00,46.19340853434787,-0.24656917025090924,8.795791749168771,0.0,14.007466232138425
2023-11-17 17:00:00,44.69831026918477,-0.6614193437144225,1.0881227219862524,0.0,17.160601827945893
2023-11-17 18:00:00,46.905849780847866,0.40817969100917834,10.965048925660493,0.0,17.84155923718212
2023-11-17 19:00:00,47.339707455768114,-0.2911268622126593,10.09888918182549,0.0,8.324991724921986
2023-11-17 20:00:00,46.16230946804602,-0.0308854927002922,3.5052521231166907,0.0,9.611300030765559
2023-11-17 21:00:00,44.48059833103195,-0.7517830200296959,11.87890216611359,0.0,7.558412701348608
2023-11-17 22:00:00,47.43293742848988,-0.8972340108777167,9.873934287959463,0.0,20.89593220619941
2023-11-17 23:00:00,46.14507033734884,-0.5078362588459799,8.176030590960446,0.0,14.29335564643243
2023-11-18 00:00:00,47.37426966097091,-0.0988699244821118,13.846542086081685,0.0,11.06877739341888
2023-11-18 01:00:00,47.64413668978239,-0.8729657180626519,13.470154280755448,0.0,12.090211707583453
2023-11-18 02:00:00,48.1685889644864,-1.3787511153604266,13.375161074770965,0.0,14.400347877305252
2023-11-18 03:00:00,46.939067647359806,1.1278108828825077,11.674459765753255,0.0,14.677180201858429
2023-11-18 04:00:00,47.32144604402158,-0.6049700825276654,5.709769512154237,0.0,14.228290865692847
2023-11-18 05:00:00,47.731722536859756,-1.0391915345821527,12.94120816664063,0.0,14.962677278797699
2023-11-18 06:00:00,46.86758695381327,-0.6050135484490654,1.6142097692467043,0.0,16.133428153210605
2023-11-18 07:00:00,47.63950139546534,-0.3426075473536925,6.162651483162504,0.0,7.714136133184546
2023-11-18 08:00:00,45.98910852000257,0.6010801854754476,10.752557971913474,0.0,15.259879534051574
2023-11-18 09:00:00,47.999303704329655,-0.5137189344719599,7.474025055324832,0.0,12.341298254692605
2023-11-18 10:00:00,45.962366488708405,0.9861854663465813,4.736736738847504,0.0,19.579166169667147
2023-11-18 11:00:00,47.16303180397342,-0.6358381789178278,1.2005871283072498,0.0,17.660883555439415
2023-11-18 12:00:00,46.52507753974109,0.9320294833805983,12.70880413004518,0.0,22.32264827834448
2023-11-18 13:00:00,47.7260477123838,0.23369701828152256,7.826450444962246,1.0,13.044730761251703
2023-11-18 14:00:00,48.09423676569574,-0.27464264678152245,18.78483690298586,0.0,14.832232941315857
2023-11-18 15:00:00,48.083106259434764,-0.6069895387575664,9.283832295414925,0.0,9.804519038948818
2023-11-18 16:00:00,46.22541323163017,1.3615291510037435,8.206648658034826,0.0,15.434597647835677
2023-11-18 17:00:00,47.70061621976591,-0.8111019203836356,18.218527508545638,1.0,12.383647736494247
2023-11-18 18:00:00,47.137527618018936,0.35425050494346605,5.861594981662818,0.0,17.289310381908
2023-11-18 19:00:00,48.1197326241549,-0.7795668050784885,8.657811197378695,0.0,8.723049585374538
2023-11-18 20:00:00,47.293744759174906,-1.5494429054747396,9.2063178489189,0.0,21.77482489143119
2023-11-18 21:00:00,47.42671323963943,-0.7452592764353135,8.032417301229728,0.0,19.113646955162476
2023-11-18 22:00:00,45.174191773901846,1.0819687002503815,13.70108676741723,0.0,17.24981397847506
2023-11-18 23:00:00,47.675619810085514,1.0969671721713719,10.887280875835076,0.0,19.332597092614506
2023-11-19 00:00:00,46.290186965328836,0.12504315079976147,6.817528222164798,0.0,21.722399573624536
2023-11-19 01:00:00,46.16326868358107,0.7220863049991969,11.164245983037969,0.0,18.13988353510094
2023-11-19 02:00:00,47.06595503141032,-1.768635437773004,5.948043552741307,0.0,25.242124344489675
2023-11-19 03:00:00,48.419451591992974,0.4158287864039195,4.373963412326333,0.0,17.5179485543216
2023-11-19 04:00:00,46.95285451907517,2.9935768585757234,13.991790163282722,0.0,10.857710845208409
2023-11-19 05:00:00,48.02989337041985,-0.0814537291195546,12.101893554946024,0.0,18.676899793157133
2023-11-19 06:00:00,46.55748341616125,0.5089119972270647,7.822542728319993,0.0,11.743208474757127
2023-11-19 07:00:00,45.730291385192245,-0.33330253153270123,9.438814929604026,0.0,26.609849110195462
2023-11-19 08:00:00,48.67254085117962,0.054911844562094456,8.300585716326054,0.0,17.381206600109408
2023-11-19 09:00:00,46.458844488269285,-1.6618378170181605,9.090793628684244,1.0,25.07698467430415
2023-11-19 10:00:00,45.54099813069756,0.2037347831981134,7.514930893068866,0.0,12.17931758573719
2023-11-19 11:00:00,45.66764968132363,-0.5740679048836159,-0.4540923640272947,0.0,24.883181154063415
2023-11-19 12:00:00,46.09917769601228,-0.6060281954783635,0.9247989014776792,1.0,17.962338735503835
2023-11-19 13:00:00,48.38870562641181,-1.4294485437847266,15.392194902117554,0.0,21.325197686406394
2023-11-19 14:00:00,45.96306926910797,-0.3830291499989003,7.132077188528532,0.0,24.36012814909968
2023-11-19 15:00:00,45.84081469120349,-0.9471964715965715,3.733556839909001,0.0,25.794388592900397
2023-11-19 16:00:00,46.913334460332386,-0.21116914974151346,3.3802234739095542,0.0,11.658362071564488
2023-11-19 17:00:00,45.92703254017982,-0.8770592772107311,11.203303082372951,0.0,17.53460719875033
2023-11-19 18:00:00,46.3091318555623,0.2531107972549798,10.79959291986463,0.0,26.641579560924228
2023-11-19 19:00:00,47.132546054246475,-0.7760289784407581,9.679324495706759,0.0,27.84281898152971
2023-11-19 20:00:00,48.16188623889072,-1.5244434485111769,15.214723490116313,0.0,20.539847892318978
2023-11-19 21:00:00,46.94991422993728,-1.8136190042831413,0.5540285607911155,0.0,31.219808674755356
2023-11-19 22:00:00,46.72393951058922,-0.19498182618012555,10.010926569977602,0.0,23.761810372039722
2023-11-19 23:00:00,48.223431073453824,0.6648323383620038,3.7816632265077343,0.0,22.942683906988172
2023-11-20 00:00:00,45.76383425640956,0.28344885662868335,4.355575413245544,0.0,27.380111489886975
2023-11-20 01:00:00,48.21024107668309,-0.8250119874256892,8.555444334639956,0.0,23.95441317319736
2023-11-20 02:00:00,47.09979305314865,0.8466824759255598,6.608482127361876,0.0,29.92228097652341
2023-11-20 03:00:00,48.07492458166934,1.211649254514199,4.983157885942249,0.0,22.448706674377547
2023-11-20 04:00:00,46.74570657352112,-0.6046801653410854,14.78469082196919,0.0,20.515670191212966
2023-11-20 05:00:00,48.838075892656605,-0.22726928496974974,10.249214054401891,0.0,22.890175391864123
2023-11-20 06:00:00,48.100637522350254,-1.4938158895160005,16.181501077120842,0.0,43.76201644706493
2023-11-20 07:00:00,46.900608649459805,0.4107171693474708,11.941679544181968,0.0,32.072192247396075
2023-11-20 08:00:00,47.26456127726395,-1.3217231267187264,-0.06669359606687664,0.0,27.865902404906272
2023-11-20 09:00:00,47.409086514582356,-1.1247665797382647,13.405138705125426,0.0,24.33750981029236
2023-11-20 10:00:00,48.1139544759277,-1.8387129787480427,6.586259560017724,0.0,26.38257325162003
2023-11-20 11:00:00,50.17454029156885,0.8831605720709299,7.842330616120519,0.0,25.388726101448082
2023-11-20 12:00:00,45.9528474759199,-0.011714751371486816,8.37247389213746,0.0,28.038125078232945
2023-11-20 13:00:00,48.49679736888522,0.28700766194870925,10.24726775686502,0.0,23.043770925407735
2023-11-20 14:00:00,45.921728640564034,-0.9669125628634616,-0.0647190616479918,1.0,16.701411848263085
2023-11-20 15:00:00,45.98053309532977,-0.7547414079255333,14.548814566109293,0.0,20.044741984379232
2023-11-20 16:00:00,47.790295466272475,0.9363237872977596,11.265941271912773,0.0,25.906799253859067
2023-11-20 17:00:00,47.643786220516084,-2.3842259512317967,5.5385537994319005,0.0,20.320082278920438
2023-11-20 18:00:00,47.218196941820715,-0.3893351170494381,13.34596881376382,0.0,21.968044159215857
2023-11-20 19:00:00,46.72784030862374,0.21359097891104523,14.519192755631646,0.0,28.738686098086497
2023-11-20 20:00:00,48.82623960281931,0.7534797593791943,9.105303485847237,0.0,39.96522038901858
2023-11-20 21:00:00,46.75345102034923,-0.7990060796063111,2.8758040249063246,0.0,23.811899016198392
2023-11-20 22:00:00,46.21272580217514,-1.006227227288152,15.914342368220344,0.0,24.945145040323585
2023-11-20 23:00:00,46.60106985471508,1.3311729621336998,1.541870916324486,0.0,27.898035249430833
2023-11-21 00:00:00,46.78008580004445,-0.2769242617272029,14.252280998983187,0.0,31.985609315161398
2023-11-21 01:00:00,46.809151265783235,0.08227818792520962,18.754622872331975,0.0,25.79518048472853
2023-11-21 02:00:00,46.921288777648165,2.0869778379963697,5.360609632481111,0.0,21.395944229880243
2023-11-21 03:00:00,47.82349506760176,0.1094706228626311,10.041884648610912,0.0,25.902722868046837
2023-11-21 04:00:00,44.10985199334943,-0.47913120672869486,10.866805003890834,0.0,28.030482244905034
2023-11-21 05:00:00,47.88453962323258,0.19005836971555962,8.946321377225447,0.0,28.451989871496963
2023-11-21 06:00:00,46.95167580174583,-1.213648199620703,9.254312267637797,1.0,33.26979879368534
2023-11-21 07:00:00,46.21741130953384,-1.1550783743789654,11.575469310428023,0.0,32.55667030304619
2023-11-21 08:00:00,46.648646689961815,0.363756152451934,20.0091587460671,0.0,31.637618454953223
2023-11-21 09:00:00,44.571334617391685,-0.07510867582296897,5.839022451834538,0.0,33.426389485376504
2023-11-21 10:00:00,49.05099405229452,-1.4959752081500903,0.1297923262851448,0.0,37.358151683859255
2023-11-21 11:00:00,46.34296183244912,0.7727686755061544,11.34738091396293,0.0,33.47680799224299
2023-11-21 12:00:00,46.18355165191597,-0.3541317682803429,8.247515262466365,0.0,32.59458104772119
2023-11-21 13:00:00,47.18422112527631,0.9854341810953416,7.929292075376615,0.0,32.38602062854594
2023-11-21 14:00:00,47.6818012727266,-0.9673821961371465,14.184590307738063,0.0,30.807129077357832
2023-11-21 15:00:00,46.825976129859775,1.1554079018086925,6.1869869308869765,0.0,30.205062788017763
2023-11-21 16:00:00,46.624330990602154,-0.33609305575464526,4.382711435100929,0.0,23.343144436624716
2023-11-21 17:00:00,47.35453820370974,0.14437970512671616,4.666640248792655,0.0,38.53937299714387
2023-11-21 18:00:00,45.43998403207352,0.7983365721304907,14.938773706100797,0.0,33.84561469590426
2023-11-21 19:00:00,46.44420498271458,-0.643308151295684,14.516777180221272,0.0,31.45383178899941
2023-11-21 20:00:00,48.05546242709862,-0.4276268655000713,20.689891202017858,0.0,35.2209227239022
2023-11-21 21:00:00,47.808717670079915,0.8571289706441461,7.163526521726099,0.0,37.918916311006974
2023-11-21 22:00:00,49.40821646888953,-0.9341092597936789,10.709095594295686,0.0,35.18241897991191
2023-11-21 23:00:00,48.05536278526272,-1.2454224655000214,9.871493136133697,0.0,41.03429907027971
2023-11-22 00:00:00,47.177866994637995,-1.055238453434045,3.6388767539934097,0.0,39.75022167630063
2023-11-22 01:00:00,46.49448169606032,2.3452768755450863,18.87101765095721,0.0,39.57966875108306
2023-11-22 02:00:00,47.19563897349486,-1.4400708215113733,7.045225478416628,0.0,33.18811384505492
2023-11-22 03:00:00,48.9433703935055,1.19890552036143,18.29474961622121,0.0,32.73547635136089
2023-11-22 04:00:00,48.16692253468018,0.9730202895913821,10.908484928042716,0.0,28.801423242018203
2023-11-22 05:00:00,44.59086738360527,-1.087747871170523,7.837740612251736,0.0,34.7905890625548
2023-11-22 06:00:00,47.57991002529681,0.15393411599080853,10.909799073185495,0.0,32.642977810786334
2023-11-22 07:00:00,47.87644558557024,-1.5192146097255794,-2.323861221519131,0.0,43.26219697156732
2023-11-22 08:00:00,48.55882906317742,1.1983452986639767,17.658361740857963,0.0,37.616095297710274
2023-11-22 09:00:00,47.582606766893115,0.7818821388844966,10.27611383148867,0.0,36.78209088152937
2023-11-22 10:00:00,45.464362574558,1.395909109779799,4.259559093101624,0.0,36.44434522868751
2023-11-22 11:00:00,45.58738164609418,-1.4487633739909616,7.015446208976703,0.0,33.651067210861505
2023-11-22 12:00:00,45.693059695787824,0.5565499895570619,6.263869925007444,0.0,30.774705811204953
2023-11-22 13:00:00,48.636684872420204,0.847130985650852,14.58563450939103,0.0,40.09427762566011
2023-11-22 14:00:00,47.7124627497142,-0.17302253181272986,6.192067296654563,0.0,39.229625829373276
2023-11-22 15:00:00,47.89903498562126,0.7214503195205955,6.099099360258792,0.0,29.191937284370415
2023-11-22 16:00:00,47.21236790416242,0.5472679837785736,2.555821991645563,0.0,41.563989076215776
2023-11-22 17:00:00,48.184989894150874,-1.0013491778008643,9.518196453523602,0.0,40.763186410278244
2023-11-22 18:00:00,46.133678737878625,1.0844474316476034,17.368152087767115,0.0,40.47215778627433
2023-11-22 19:00:00,45.50446461761616,-0.1944612674280971,15.683536998789213,0.0,31.88268281477773
2023-11-22 20:00:00,45.99807827209079,-1.1275716129453213,14.794475041899888,0.0,39.355417387572935
2023-11-22 21:00:00,45.49495353088504,0.07197252119052995,1.7558840067487615,0.0,37.75070011653021
2023-11-22 22:00:00,45.268429779618096,-1.5014160549189408,15.174750747584536,0.0,38.44136097217381
2023-11-22 23:00:00,46.668888073305176,-0.6547195145382264,9.374255446492537,0.0,41.140259316820334
2023-11-23 00:00:00,46.8973118351786,-0.21848589859188955,9.243704587662323,0.0,44.7983174390152
2023-11-23 01:00:00,47.029430398458736,0.4759925277742901,5.925173687202402,0.0,45.477007326728646
2023-11-23 02:00:00,48.6389588451099,-0.048274126365340425,10.50740899054461,0.0,33.80997130712785
2023-11-23 03:00:00,46.91685833324285,-0.3429870496934428,11.297572354498554,0.0,29.841153363750287
2023-11-23 04:00:00,46.894192958749834,0.962044236949037,7.560760702169795,0.0,40.70549958355611
2023-11-23 05:00:00,48.03076115434955,0.535413756269697,13.31756432983052,0.0,41.361849537187005
2023-11-23 06:00:00,48.613634524088845,-0.7872580207576422,7.0992654345224455,1.0,40.73492240581537
2023-11-23 07:00:00,45.430499562391155,1.5068210436391878,16.744465151073545,1.0,38.11152518510857
2023-11-23 08:00:00,47.77210676621282,2.682896597618852,12.155060237089565,1.0,37.44480197802442
2023-11-23 09:00:00,47.38445274803711,0.28979809231522297,14.756277561409,0.0,51.130055147053554
2023-11-23 10:00:00,46.36801655603901,-1.4188404221772044,7.807247037135291,0.0,41.08391315173328
2023-11-23 11:00:00,47.03212858650661,-0.29909096503654964,13.67017661696589,0.0,39.611797107456546
2023-11-23 12:00:00,45.42932808594324,-0.85371114716766,-0.3609826629159958,0.0,44.26364728169783
2023-11-23 13:00:00,46.220755064976885,0.6500350274553045,10.187970227395068,0.0,48.80913774992182
2023-11-23 14:00:00,47.651866544360495,-0.0748293760103462,10.00494900355217,0.0,28.868379000759113
2023-11-23 15:00:00,46.66047014909265,-1.6374686814083954,8.714712482107178,1.0,29.867514507095304
2023-11-23 16:00:00,46.010843650987916,-0.7156881984991998,13.431999252340834,0.0,44.92978825378905
2023-11-23 17:00:00,47.211281065636065,2.1722701942995672,12.639616646845898,0.0,45.38969625051327
2023-11-23 18:00:00,47.172095174381596,0.923388725113449,12.17331814770683,0.0,42.43241152465096
2023-11-23 19:00:00,48.423327816032234,1.586792133501804,12.036839296380624,0.0,47.437440854245004
2023-11-23 20:00:00,47.239737543206594,0.2611214912313211,13.705601613508069,0.0,44.195644116916235
2023-11-23 21:00:00,47.203299428230714,0.1791129450264472,17.586135326400985,0.0,44.704982053919906
2023-11-23 22:00:00,47.190645778181405,-0.5740308893928511,19.867815774290555,0.0,43.93875890601717
2023-11-23 23:00:00,47.642027904154894,-1.419090734884622,17.903919455556526,0.0,44.328978659478224
2023-11-24 00:00:00,46.48606101667168,1.9284038142774707,12.590634496124055,0.0,48.06317885323122
2023-11-24 01:00:00,47.09645016332637,-0.16132768206428605,8.334591224177196,0.0,40.02647062139816
2023-11-24 02:00:00,47.09438393880207,-0.8674577110915934,9.708672633981477,0.0,45.49175055345059
2023-11-24 03:00:00,49.22189600906501,1.8349372566305273,15.67472172328835,0.0,45.915281161447396
2023-11-24 04:00:00,47.72065051383119,-0.9111442135830761,15.424193379667708,0.0,42.386178517492525
2023-11-24 05:00:00,49.29074166502922,0.5261366557624558,10.788504716412293,0.0,40.93120757246143
2023-11-24 06:00:00,47.59532661050372,-0.8750578096686545,16.95847590355848,0.0,46.4371282128603
2023-11-24 07:00:00,46.09840953996516,2.152912947211895,9.686901276407406,0.0,42.11771087898423
2023-11-24 08:00:00,46.789663946827396,1.1246367695266757,4.7955024073576125,0.0,46.506187537303035
2023-11-24 09:00:00,47.66238675800191,0.21295235298794074,14.748334041139266,0.0,43.759876099558475
2023-11-24 10:00:00,48.87772708941526,0.8105309293098945,6.972604009056546,0.0,48.75495679378326
2023-11-24 11:00:00,46.75454856629636,-1.1398353367229965,8.331096454280155,0.0,46.072068198977135
2023-11-24 12:00:00,48.386729436236,-0.3338568477279095,8.666761989439689,0.0,45.648507013637165
2023-11-24 13:00:00,46.03512976640301,0.7233221984389846,8.41115108159077,0.0,42.00092344539383
2023-11-24 14:00:00,49.455052840968506,-0.5681708746835925,10.581576871977584,0.0,44.3500779065107
2023-11-24 15:00:00,47.233478406129265,-0.5385550252215212,6.659288170347262,0.0,50.622410373519884
2023-11-24 16:00:00,47.43602804514117,-0.41152408130989593,14.502204100734929,0.0,52.53165905512299
2023-11-24 17:00:00,46.93012266850001,-0.4519428192791532,6.852158701658423,0.0,52.20844674161566
2023-11-24 18:00:00,46.116720439690255,0.6942835487847709,10.408128709186444,0.0,48.97615957199144
2023-11-24 19:00:00,48.07536960424227,1.9090135012805922,9.327549704271213,0.0,40.06872338450006
2023-11-24 20:00:00,46.382675642598734,-2.1341007238687366,3.7088312757625257,0.0,40.280704318848976
2023-11-24 21:00:00,46.23684527168642,-0.18967497902773056,7.986980806069488,0.0,48.90052746379073
2023-11-24 22:00:00,45.38895644048201,-0.9771270809605421,7.224218407621871,0.0,55.14603410774984
2023-11-24 23:00:00,48.31992351645384,-0.5558270288454904,10.49771373638343,0.0,50.84669665982367
2023-11-25 00:00:00,47.15463633370484,-1.90444239297848,5.877725874552514,0.0,48.796172338271596
2023-11-25 01:00:00,46.0470302935835,0.9544934231336757,8.289864292172233,0.0,51.32549908975043
2023-11-25 02:00:00,46.624680149268,-1.1334963441438546,7.85448765716586,0.0,43.46739173749756
2023-11-25 03:00:00,47.728921096362754,0.6064998766470163,9.504912309633271,0.0,57.99175220771181
2023-11-25 04:00:00,47.388430514058086,-0.06339453212425634,-1.7071700034572945,0.0,48.20269617777843
2023-11-25 05:00:00,45.45099524847311,-0.4379649987593591,10.709762039914667,0.0,47.33447608720566
2023-11-25 06:00:00,47.03017050644998,1.0892387349373285,0.6080850651794165,0.0,45.40009531903564
2023-11-25 07:00:00,46.49100998726401,0.19341829670873056,14.039869720638112,0.0,46.22111399852814
2023-11-25 08:00:00,46.85470717308835,2.1964038606981546,2.5501457123883897,0.0,54.22498472360919
2023-11-25 09:00:00,48.58757791666089,2.2464618572220147,10.978067971669898,0.0,54.55709881346395
2023-11-25 10:00:00,47.37109617677349,0.8821885404566197,3.136662403752222,0.0,51.08958242753673
2023-11-25 11:00:00,48.06435740778716,1.1911924844298705,4.462337585408612,1.0,40.704742412401366
2023-11-25 12:00:00,48.846761576133105,-0.09421863826267739,11.668094672489252,0.0,49.84569082951248
2023-11-25 13:00:00,47.73016668516513,-0.004881981472045056,4.433806642985097,0.0,56.60801117205014
2023-11-25 14:00:00,46.26001563207093,0.1163157718172253,7.669184964350884,1.0,46.97258030349063
2023-11-25 15:00:00,48.40989390882116,-0.14560193841008146,15.000957317738752,0.0,44.44161021333788
2023-11-25 16:00:00,48.04951084719852,0.8432286808823186,12.45917266267019,0.0,49.044737674161254
2023-11-25 17:00:00,47.8571562876205,-0.4356941914917583,8.315728447733498,0.0,52.40619475349314
2023-11-25 18:00:00,47.28924825905794,-0.741535617004615,15.211028580551906,0.0,48.5248353339168
2023-11-25 19:00:00,46.375817702289076,0.23071076276992214,10.75747814495036,0.0,57.17957764583665
2023-11-25 20:00:00,45.462786095997494,0.8600621707802578,13.240051218741616,0.0,49.20318036624713
2023-11-25 21:00:00,48.55906112757662,-0.6899260864537402,5.25832583269144,0.0,50.82058990378962
2023-11-25 22:00:00,48.11006705023127,-0.7531558970205801,7.0249341753406025,0.0,52.168866913535645
2023-11-25 23:00:00,47.25261229206052,0.33783422504548316,11.438079729951983,0.0,64.86810403858988
2023-11-26 00:00:00,47.04312785767214,-0.2065487513101832,7.447637265944933,0.0,51.87545257235509
2023-11-26 01:00:00,47.26839574282664,1.7587271512034082,22.954536355189163,0.0,56.04210075591958
2023-11-26 02:00:00,45.4617903180864,0.8994804313094458,13.597880299051505,0.0,53.46924799182331
2023-11-26 03:00:00,48.13351002972022,-0.23799896265356024,11.365528343636841,0.0,56.65796266428634
2023-11-26 04:00:00,46.91589206216733,0.1910057200958633,8.210012048607265,0.0,45.93077836641697
2023-11-26 05:00:00,46.95592503564496,-1.471607702556233,12.990008598379601,0.0,45.65699255640773
2023-11-26 06:00:00,47.29510802745012,-0.8472569782857099,18.970432425770614,0.0,51.553161149623214
2023-11-26 07:00:00,46.35670204595068,1.1975639347009528,16.08246591764844,1.0,58.47889043451498
2023-11-26 08:00:00,47.510614394754505,-0.2860741804608205,11.481137927473824,0.0,55.25761426195299
2023-11-26 09:00:00,47.69839130146323,0.871472721949448,16.11114104622382,0.0,57.13360716965005
2023-11-26 10:00:00,47.10470555776839,0.9714517221597311,3.902841164376687,0.0,42.92607187678259
2023-11-26 11:00:00,45.41215640064252,0.8119101460438527,-4.773433936047752,0.0,64.72006125311965
2023-11-26 12:00:00,47.43435568268762,0.07602863291996624,11.644116843894738,0.0,57.75417664530715
2023-11-26 13:00:00,47.24901113188718,-0.20689733204562438,9.716564961550649,0.0,50.600381331836616
2023-11-26 14:00:00,46.73773866434272,2.042356353113392,7.378557112366884,0.0,53.865116744034836
2023-11-26 15:00:00,48.529865025502176,1.1266204023441881,20.735105496849407,0.0,59.129619360895525
2023-11-26 16:00:00,48.0137973086134,0.9089948454666527,10.358924978928899,1.0,51.000229752659855
2023-11-26 17:00:00,47.27113768228595,-0.11760575889251444,9.512713463415885,0.0,56.43934287923516
2023-11-26 18:00:00,46.721697444576044,0.5035997725056931,8.076460623217976,0.0,59.86536771639243
2023-11-26 19:00:00,46.28738604815799,-0.06648671677050108,15.629076692024828,0.0,55.21955351720448
2023-11-26 20:00:00,45.825780102346364,0.1313729020296453,7.097825097774829,0.0,58.179348050272694
2023-11-26 21:00:00,45.88372711433405,1.189556849718078,7.404818266503642,0.0,57.983613762888325
2023-11-26 22:00:00,48.10196789047108,0.028906024242473096,6.11703178422113,0.0,53.909743926086186
2023-11-26 23:00:00,45.9947032557233,0.9735099611000135,18.671891293181407,0.0,62.762251585724265
2023-11-27 00:00:00,47.51847836059158,1.2037813141023248,8.282246210508688,0.0,49.449678931672175
2023-11-27 01:00:00,47.420105141681994,0.8290758214782117,7.595365032742094,0.0,65.0354934178299
2023-11-27 02:00:00,46.98529859698946,0.7804946943726863,3.868141279761823,0.0,61.40587679001279
2023-11-27 03:00:00,47.72270676466162,-0.28466114603485004,13.202259601134967,0.0,58.2235703518734
2023-11-27 04:00:00,46.466660888579206,-0.6106283487555334,11.639860589610702,0.0,57.9513907812038
2023-11-27 05:00:00,45.72945154874155,-1.1833220481503495,13.027249173118904,0.0,49.27447284311153
2023-11-27 06:00:00,47.2472313194827,0.8690670078449745,4.965607945798042,0.0,62.01277360931553
2023-11-27 07:00:00,47.740646983344654,0.2255639725540664,7.138892289621985,0.0,62.48742692174522
2023-11-27 08:00:00,45.964950401937955,-0.8352156728290003,3.1603217837090405,0.0,55.63331038784064
2023-11-27 09:00:00,48.446484115754075,-1.1265841726348649,4.524676187808962,0.0,65.90513845346145
2023-11-27 10:00:00,44.643201748846025,0.9985940235811688,8.533230471128965,0.0,56.13945541935823
2023-11-27 11:00:00,46.378412797755985,-1.1312034993012547,15.022581983927374,0.0,60.8054638524533
2023-11-27 12:00:00,46.11927786195401,-0.23980691164117962,8.195485224936892,0.0,61.250524823332455
2023-11-27 13:00:00,46.64236730265374,0.8374619286158189,10.167943053873076,0.0,54.36269665559764
2023-11-27 14:00:00,46.08962682202172,-0.08821876267106711,16.348051648174618,0.0,64.93163636229328
2023-11-27 15:00:00,46.15170447948332,-1.1968299277455787,20.526976157557765,0.0,60.68813166435639
2023-11-27 16:00:00,44.845454626027454,0.3280517808793665,10.160266543693542,0.0,56.32574769538306
2023-11-27 17:00:00,47.093122022842735,0.4365060170776637,9.617585442452782,0.0,63.4306926883368
2023-11-27 18:00:00,47.88912596724009,0.3492851365132764,14.627664655661604,0.0,54.75315558839936
2023-11-27 19:00:00,48.10706104935204,-0.26570757365324293,8.096798256494381,0.0,52.57322350263439
2023-11-27 20:00:00,46.218921021798344,0.25904260409519114,8.810611136130166,0.0,70.64485868469441
2023-11-27 21:00:00,48.48128809332244,0.4497687701677688,8.164016713642837,0.0,53.524773614017725
2023-11-27 22:00:00,46.007622839244064,1.1072914087628853,14.262498641219665,0.0,59.56443966138562
2023-11-27 23:00:00,47.86533743099137,0.5498530656499657,11.910983140146747,0.0,72.54435039916996
2023-11-28 00:00:00,48.781532249297186,0.8879536834526689,16.375549607213415,1.0,58.96794634941831
2023-11-28 01:00:00,46.861223809488806,-1.3123272686130176,13.853177868841241,0.0,68.29367588037874
2023-11-28 02:00:00,45.4042429290378,1.0003153257946744,15.248141030406028,0.0,54.7159161375815
2023-11-28 03:00:00,47.71774053982108,-0.2523591037812417,12.923000033132189,0.0,58.18808497885502
2023-11-28 04:00:00,47.383271184070324,-1.2178142760170851,12.807354322445352,0.0,61.33014848513167
2023-11-28 05:00:00,46.065351120762166,-1.6686414419406022,14.413609992620817,0.0,62.06610515150307
2023-11-28 06:00:00,47.62509761716574,-0.7464751439974874,17.5402007610018,0.0,60.09690963264893
2023-11-28 07:00:00,47.361046502549655,0.6066071203273338,10.91107404267546,0.0,68.35585146121655
2023-11-28 08:00:00,46.93308678356332,-1.567672111123326,-3.2694996358961532,1.0,71.20084810502269
2023-11-28 09:00:00,48.04778407922875,-0.795312259851806,10.763672599062305,0.0,71.09635988099299
2023-11-28 10:00:00,46.523652207169555,-0.8380533543854491,10.791663604782228,1.0,68.8835272839255
2023-11-28 11:00:00,47.04248343488096,-1.154446541575914,10.314977170961633,0.0,68.55096640926874
2023-11-28 12:00:00,45.926734941624225,-1.4928981126819607,4.823050073098219,0.0,54.75177763972842
2023-11-28 13:00:00,46.86845686183791,2.5683163320617233,6.607635347214837,0.0,65.34720230746953
2023-11-28 14:00:00,47.775874409831154,-0.7738390192341035,7.294456088557033,0.0,62.91842600918093
2023-11-28 15:00:00,44.74503391429341,0.7371948240095615,10.435563857788138,0.0,63.691279376679745
2023-11-28 16:00:00,46.93184111220198,1.014180051353115,9.64845835508563,0.0,65.82547643718743
2023-11-28 17:00:00,47.264442388876624,0.9384142088387574,5.736201906962991,0.0,65.13781871354328
2023-11-28 18:00:00,48.02422066476133,-0.3373094359019737,8.116630800692503,0.0,68.44283607149711
2023-11-28 19:00:00,47.376300751332806,0.4780795464417403,13.383835553084626,0.0,72.80344274284695
2023-11-28 20:00:00,45.768154188333185,0.357509446004418,13.598387351376841,1.0,76.03458044310204
2023-11-28 21:00:00,47.686187044580564,0.2508778458125234,20.33774434976782,1.0,74.83103860006607
2023-11-28 22:00:00,45.8556967998458,-0.2871902212773334,6.318543781867584,0.0,58.081402871008414
2023-11-28 23:00:00,46.46591105395672,0.12816628203702873,14.91189340523248,0.0,65.42040639072131
2023-11-29 00:00:00,46.46149508825036,-1.0118082844162295,9.901392628038739,0.0,59.46893156498289
2023-11-29 01:00:00,47.05431819981238,0.7145888877490378,2.833559401300154,1.0,67.84339491072119
2023-11-29 02:00:00,44.98519187159226,-1.0429500437127486,10.641967123564598,0.0,65.43069627925374
2023-11-29 03:00:00,47.694452738205996,1.5760172483664603,9.373182955872476,0.0,64.8600718386461
2023-11-29 04:00:00,46.94580013539162,1.7572939925680253,5.232932199484645,0.0,74.48024658496865
2023-11-29 05:00:00,46.80636749807466,1.8114251055988406,13.973510975466102,0.0,64.53271540265666
2023-11-29 06:00:00,45.833731118263266,-1.1979988773528445,5.816585600621892,0.0,64.82762753876418
2023-11-29 07:00:00,47.912223458304034,0.6920646801337879,2.9429683423862,0.0,69.17232027141587
2023-11-29 08:00:00,48.1083971802802,-0.6388541735821435,4.7841639914544825,0.0,64.70429403079619
2023-11-29 09:00:00,46.89711303840781,0.2947632170563483,14.205340069275229,0.0,70.59083622993059
2023-11-29 10:00:00,46.72556921470768,0.35566406982102705,16.29990270977436,0.0,63.37809416845892
2023-11-29 11:00:00,47.1273350554233,-0.3304670989885015,9.48643193951548,0.0,71.10573902288927
2023-11-29 12:00:00,45.7054562966418,0.12155521025696378,4.470617440533321,0.0,67.62881520347908
2023-11-29 13:00:00,46.29503938354699,2.132013109548952,12.398785969810747,0.0,77.02262486247307
2023-11-29 14:00:00,46.86845674528753,-0.1527896051843266,4.831699245299449,0.0,67.78674057913688
2023-11-29 15:00:00,46.68264162742182,-0.12261893172940504,15.459978407959348,0.0,81.28914423977393
2023-11-29 16:00:00,46.86102951853383,-0.2971568300707745,10.910960934965685,0.0,74.63801895965285
2023-11-29 17:00:00,47.164336800194874,0.06414753050998363,23.837373417833717,0.0,74.0237227795741
2023-11-29 18:00:00,45.351144899585506,1.3374221659304453,9.815206041082714,0.0,64.36968026921487
2023-11-29 19:00:00,48.56615125185018,-0.1285388694917996,19.82487932570257,0.0,67.22260647181629
2023-11-29 20:00:00,47.0547104492289,-0.15465469448834573,14.567194463660156,0.0,79.64978076707631
2023-11-29 21:00:00,46.90702317047979,0.44806672064858705,12.41553845517278,0.0,69.08074422711539
2023-11-29 22:00:00,47.8438206017599,-0.44793476372233293,11.215462785870203,0.0,74.83379381064805
2023-11-29 23:00:00,45.88782493427935,0.9081943748366358,14.355532202520907,0.0,59.640142754006206
2023-11-30 00:00:00,48.23516560757455,0.8500261669778129,10.532317602344062,0.0,66.95173132023119
2023-11-30 01:00:00,47.39427484121553,0.4908344149240057,5.0479525698576815,0.0,78.14057686401213
2023-11-30 02:00:00,46.507732977011976,0.2551327275790203,14.10968769472355,0.0,68.04203133046555
2023-11-30 03:00:00,46.51175151435855,0.5778257870696661,6.625039232984931,0.0,68.35014228309299
2023-11-30 04:00:00,47.06584127587143,0.3914252251142223,18.8658990636635,0.0,72.8120288711594
2023-11-30 05:00:00,46.248118969522906,-1.5275515882613655,7.421338358451345,0.0,73.98439414906943
2023-11-30 06:00:00,47.98095097568446,3.0296134380805637,5.59485484138048,0.0,73.16686985060791
2023-11-30 07:00:00,47.82409156197483,1.2871472533130328,7.149209116670374,0.0,80.7080059331212
2023-11-30 08:00:00,48.312143486501284,-0.3555003171801588,11.487387339168608,0.0,77.05907947038597
2023-11-30 09:00:00,46.89608793067283,-2.024436938116167,10.054576833123404,0.0,75.61574926233641
2023-11-30 10:00:00,49.26630439125369,0.178894697882999,9.482124418216694,0.0,84.79665746747825
2023-11-30 11:00:00,47.74557568628351,0.26851249541796685,10.630286934485218,0.0,77.35898432126957
2023-11-30 12:00:00,46.88326541196487,0.04915616496586335,4.675469303992111,0.0,68.09397598416031
2023-11-30 13:00:00,46.174583398204824,-1.2465720734001644,-2.0577740638997817,0.0,77.04624487028111
2023-11-30 14:00:00,47.04126581596058,2.2013281751855454,12.384483622544973,0.0,82.84319586505761
2023-11-30 15:00:00,45.72847328287675,1.2324744028378622,8.140234073610493,0.0,74.2262245890493
2023-11-30 16:00:00,47.18526109150428,-1.9209932676587747,8.60611164073511,0.0,73.84820915703824
2023-11-30 17:00:00,47.5682832937602,-0.8324090201625143,12.660792896994831,0.0,70.40143609081844
2023-11-30 18:00:00,47.49620110471008,0.487066975466058,11.477805152467052,0.0,74.69626482303934
2023-11-30 19:00:00,47.56592698306478,1.332272957829348,5.189908910927728,0.0,82.07166318600183
2023-11-30 20:00:00,46.54016114135191,1.3572018102351366,9.762156640282699,0.0,78.52906615780275
2023-11-30 21:00:00,47.59055179546397,0.1932051221275371,17.742375089157157,0.0,68.43862107853744
2023-11-30 22:00:00,47.072290812847555,0.6055706299637731,7.416340442351261,0.0,88.26479200686822
2023-11-30 23:00:00,45.94371636578085,0.8238888650794826,16.73141081817994,0.0,65.43466357064011
2023-12-01 00:00:00,46.599543784247146,-1.0849325911392336,8.70183270236128,0.0,79.06640057999243
2023-12-01 01:00:00,45.64507122042258,-0.3594904869511502,12.75065961513016,0.0,77.45212324150779
2023-12-01 02:00:00,49.954827403230695,0.5661464168815263,5.249995777291226,0.0,70.02763459751843
2023-12-01 03:00:00,45.89944339208996,1.8494468703951468,16.764486060509004,0.0,77.74831438977768
2023-12-01 04:00:00,48.71693926001196,0.4997816521035827,16.57256724095285,0.0,83.26216988705742
2023-12-01 05:00:00,46.56873023630768,0.010608629696025093,3.331875372376106,0.0,64.94567354386058
2023-12-01 06:00:00,47.70547267037305,-0.7489484271114084,8.772512987723049,0.0,74.6674773166513
2023-12-01 07:00:00,46.832145789156904,-0.6198923978599085,17.864165325149852,0.0,78.93580589898276
2023-12-01 08:00:00,46.882385144473915,0.7392930863778494,16.486229630836334,0.0,74.93553353443318
2023-12-01 09:00:00,48.39757096277947,0.791428090952254,3.3925072068470916,0.0,71.10824548116216
2023-12-01 10:00:00,47.13017386024947,1.48733477282579,11.050394403401073,0.0,73.45626599828296
2023-12-01 11:00:00,48.13683050146018,1.0629980526417593,5.700598099645621,0.0,72.76894308225508
2023-12-01 12:00:00,46.06120931204974,0.26025612850293645,6.142218867834565,0.0,77.336102935608
2023-12-01 13:00:00,45.99798740631268,2.580502295874006,11.789650607353778,0.0,74.97461172848487
2023-12-01 14:00:00,47.35723488099326,-1.2504269430842299,12.70306600728329,0.0,83.5991124773479
2023-12-01 15:00:00,46.39979407183169,-0.5581721760555657,19.162812521288725,0.0,77.45162268178319
2023-12-01 16:00:00,47.891347233925664,-0.48548224072999974,11.15383238242234,0.0,81.92759850113858
2023-12-01 17:00:00,46.538870208229646,1.1716441530034543,10.140371175207164,0.0,78.00048500748316
2023-12-01 18:00:00,45.921615514543106,-0.6587723373753429,14.35021333506742,0.0,72.01770473375053
2023-12-01 19:00:00,46.33855542837178,-2.4535177914516053,10.253338364273459,0.0,93.21864021743261
2023-12-01 20:00:00,47.303561360525734,0.970650477471227,5.332569875715787,0.0,74.51983286453523
2023-12-01 21:00:00,45.77167398049651,0.8175397384713824,15.174685768561385,0.0,90.52396580512816
2023-12-01 22:00:00,46.842952004903275,1.0284870393778844,17.077035901516545,0.0,76.65947212903642
2023-12-01 23:00:00,47.360092150756934,0.2740767861940927,8.537919988021219,0.0,82.47949697007783
2023-12-02 00:00:00,47.21303432391202,1.8026560639517504,3.367596622462539,0.0,79.44646992285575
2023-12-02 01:00:00,45.963541668282836,-1.5199992028540785,7.737074918991574,0.0,74.67114412530601
2023-12-02 02:00:00,45.48771623120069,-0.5927542441303192,18.25862202791027,0.0,85.21626069104467
2023-12-02 03:00:00,46.54762860220753,1.6322490952690487,0.5657574774429328,0.0,89.00463429868597
2023-12-02 04:00:00,47.22523868723114,0.11461271428196365,13.02569663279773,0.0,74.935451621762
2023-12-02 05:00:00,46.78837412777593,-1.843468444214561,15.585613337724624,0.0,81.91347283688577
2023-12-02 06:00:00,45.97757813826047,-0.5004052359457345,15.722392241231573,0.0,82.46575620722263
2023-12-02 07:00:00,45.78411689462129,0.5248697168071482,9.774945482853502,0.0,90.99343768612601
2023-12-02 08:00:00,47.27612294038809,0.40188281088637046,8.402070427654614,1.0,84.14871273295752
2023-12-02 09:00:00,48.20386797655863,-1.0256733236533788,13.080022970151461,0.0,84.97901858431815
2023-12-02 10:00:00,47.22768602064934,-0.6070554808551523,4.675929141256388,0.0,95.25683747891419
2023-12-02 11:00:00,47.650341339309726,-2.0438074524052654,7.423294365607233,0.0,80.82614898392723
2023-12-02 12:00:00,46.75032284704618,-0.14334651274991356,-0.5124476485298821,0.0,83.63082577784947
2023-12-02 13:00:00,47.08878043600823,-0.345420346528642,15.191824678630187,0.0,77.19636710669941
2023-12-02 14:00:00,47.31872551941083,-1.3328664912656294,5.268464100416046,0.0,81.7938324009234
2023-12-02 15:00:00,46.629835180339974,-1.1379726794237008,14.62908413016918,0.0,81.84133893066145
2023-12-02 16:00:00,45.59359029666333,-0.07677225150614965,10.471381121296044,0.0,86.76944527787008
2023-12-02 17:00:00,45.92168485007967,0.8150336588333748,8.390803436687282,0.0,83.2091180814519
2023-12-02 18:00:00,47.15912198102256,0.009556044326585557,15.613318005109052,0.0,85.55730644126642
2023-12-02 19:00:00,47.324531182900316,-0.7982820434331586,6.855968824599876,0.0,83.36961523652263
2023-12-02 20:00:00,45.58291067749679,-0.7384411115501225,13.715288155974788,0.0,80.24159170686447
2023-12-02 21:00:00,45.96583779125587,0.3351476780200083,2.2734754226088683,0.0,82.55808161285043
2023-12-02 22:00:00,46.35497436156999,1.7861742606238507,13.625838586573813,0.0,92.74432638031394
2023-12-02 23:00:00,45.975352983081294,0.7707779809621712,9.066450625256866,0.0,85.25745889139095
2023-12-03 00:00:00,48.58178166993428,0.08803565744790232,12.889231046705689,0.0,91.81696134605325
2023-12-03 01:00:00,46.26243463632093,-0.041848390892823426,5.640113415118744,0.0,81.62926699236297
2023-12-03 02:00:00,45.97914706050309,-0.6412899198346728,8.441049124831638,0.0,92.36505080508937
2023-12-03 03:00:00,46.6428141772882,-0.975247984222289,8.455048229761875,0.0,85.84835800960536
2023-12-03 04:00:00,46.66266498468188,0.5552060055433722,11.250321225975963,0.0,87.26571925699453
2023-12-03 05:00:00,46.188854250907056,-0.44704242829343493,7.720841369477335,0.0,91.87010121018561
2023-12-03 06:00:00,47.22940185461887,0.6698613242720968,9.827418122368856,0.0,86.30250134120548
2023-12-03 07:00:00,47.03218309126938,-0.19833522426688038,14.108306492104102,0.0,86.6937836601936
2023-12-03 08:00:00,48.43726755699132,-0.2757963398884967,9.034862525160186,0.0,90.83416896511962
2023-12-03 09:00:00,47.395234995321914,0.8562309902755141,10.938854911538566,0.0,93.7959974332899
2023-12-03 10:00:00,48.40530527112721,2.238254814261621,11.67590052843082,0.0,94.84859848676561
2023-12-03 11:00:00,45.89983276043414,-0.8247430884023024,7.35449227863332,0.0,88.04842868078181
2023-12-03 12:00:00,46.49023600040162,0.06434763154089504,11.207750116716229,0.0,89.35363538109112
2023-12-03 13:00:00,47.36449883176479,0.7132610742576732,7.0032416168141856,0.0,100.42745318503161
2023-12-03 14:00:00,45.70756245461526,0.04992154717675754,5.290647374635581,0.0,91.63346577301465
2023-12-03 15:00:00,45.87816747279908,0.8131158487124012,1.9926396214527813,0.0,87.09538766743506
2023-12-03 16:00:00,47.57039689523652,-0.9014781704791481,8.224810598530397,0.0,87.47636911208461
2023-12-03 17:00:00,45.38961281592409,-0.3055663164153922,9.787639347158423,0.0,83.3390556438041
2023-12-03 18:00:00,47.86867973285485,-1.3438629156355701,11.35728769694349,0.0,87.98352182234893
2023-12-03 19:00:00,45.327200043440264,-0.7009094444849029,15.458427160568057,0.0,94.01377805074401
2023-12-03 20:00:00,48.8774816712388,-0.4938536141731223,12.36711940565077,0.0,88.09123331234295
2023-12-03 21:00:00,46.632252198274166,-0.7070159990417577,11.554114842286129,0.0,95.97284948570115
2023-12-03 22:00:00,45.97456722839426,-0.08303135385818748,16.550246786955693,1.0,85.70128107881388
2023-12-03 23:00:00,46.776273010616826,-0.17925556261798808,4.010368389000446,0.0,99.21494984380824
2023-12-04 00:00:00,47.213849340153686,-0.02138397236523705,12.246588248621775,0.0,85.38985623858696
2023-12-04 01:00:00,45.668399520258006,-1.3223197222042575,16.40876762933095,0.0,95.55735542605903
2023-12-04 02:00:00,47.02175358319825,0.6257317063023747,0.44077757679947105,0.0,87.02560792012224
2023-12-04 03:00:00,48.277737935220074,0.3219759661425132,15.84730796894338,0.0,89.42916770122407
2023-12-04 04:00:00,48.93282838495662,1.2313315058113434,4.823946480400481,0.0,92.1388431562157
2023-12-04 05:00:00,46.892238867831736,-0.9104312142651526,15.375962856985375,0.0,88.31266845176032
2023-12-04 06:00:00,46.711121826208945,-0.355561862439666,8.601724758760227,0.0,95.48861533399268
2023-12-04 07:00:00,46.68065076145745,0.5850238068709851,2.091477910179732,0.0,92.55626428154852
2023-12-04 08:00:00,45.51131817924905,0.38063291092432255,8.80649127746414,0.0,91.62935854255467
2023-12-04 09:00:00,47.24375926744145,1.0856549307108339,9.06043999647696,0.0,89.65938855759654
2023-12-04 10:00:00,45.78203615982725,-0.06332821882550958,11.865435561478174,0.0,88.6120921105845
2023-12-04 11:00:00,47.223865424143064,-0.2366267845634395,13.122857639108416,0.0,95.46985728263815
2023-12-04 12:00:00,45.570505642325195,1.3356225138316926,16.398329004652965,1.0,91.18275729352902
2023-12-04 13:00:00,46.80209649787334,1.9192693649752863,5.77736537006901,0.0,89.38212979213179
2023-12-04 14:00:00,45.8215551452955,-1.3201948097838796,8.072156731835298,0.0,94.98816999352552
2023-12-04 15:00:00,46.78611774416107,-0.3642008781460508,7.185606185845343,0.0,90.49307750720176
2023-12-04 16:00:00,46.94712025966883,-1.1659487242927489,9.20098105770987,0.0,92.29262422229597
2023-12-04 17:00:00,46.30402064142942,0.4401735618811075,7.514759537402688,0.0,98.05950657862529
2023-12-04 18:00:00,47.825578010573,-1.6385590803385677,13.019596867537452,0.0,90.65428977444402
2023-12-04 19:00:00,46.92655385794086,-0.6841165864727826,2.0008096391511208,0.0,102.36526511956917
2023-12-04 20:00:00,48.5382221802735,0.425601844041657,9.646113959970146,0.0,82.54807618060364
2023-12-04 21:00:00,46.887913291198494,0.9655454522963117,2.6426711447596904,0.0,99.29827608854727
2023-12-04 22:00:00,46.15893795935088,-1.3545058895042439,14.346104797467463,0.0,92.47559228705356
2023-12-04 23:00:00,48.33273437418851,0.4554543425363996,10.14224345062353,0.0,93.49602030515416
2023-12-05 00:00:00,46.611996574188105,0.2797052484934061,2.591025935178333,0.0,100.40872742451316
2023-12-05 01:00:00,47.10950095664125,1.000874783756404,6.889062967483148,0.0,97.40263740827035
2023-12-05 02:00:00,47.80229103371792,1.0167306289485092,14.727554905179638,0.0,100.23916348389365
2023-12-05 03:00:00,46.2878501331984,1.7959555784550143,6.609931828229149,0.0,91.56182218933971
2023-12-05 04:00:00,47.46930397906073,1.2651520596177648,10.049228193179674,0.0,82.77634036267641
2023-12-05 05:00:00,46.4412209545835,0.8465433109835073,14.612500175913157,0.0,93.11825271045402
2023-12-05 06:00:00,48.08485616375048,-0.6134786352953989,7.591147133055371,0.0,105.84480566156098
2023-12-05 07:00:00,45.61263296815278,-0.14650814126073214,7.4644075183315675,0.0,101.59066554380216
2023-12-05 08:00:00,46.64244343067681,-0.13279047039677333,8.414985424131183,0.0,82.66821356619933
2023-12-05 09:00:00,48.28482579896877,0.37908226870856526,4.657717692928735,0.0,94.88102110770775
2023-12-05 10:00:00,44.74438313844512,-0.3361438087175059,9.109767274927885,0.0,96.85893168145661
2023-12-05 11:00:00,47.93257060313786,-0.988263768383167,14.59222197739623,0.0,94.54165291983861
2023-12-05 12:00:00,47.0030325177047,-0.26678223525417705,12.742462458591286,0.0,88.3646369529276
2023-12-05 13:00:00,47.1456901079421,0.9509220142661183,4.075822313193954,0.0,92.21113958005168
2023-12-05 14:00:00,46.14657427673234,-2.007442079047319,7.054703901673758,0.0,101.9721579197833
2023-12-05 15:00:00,47.212459281404676,0.1727615657693779,11.583431193589146,0.0,97.36648064684097
2023-12-05 16:00:00,46.83978465761719,-1.2020744847443998,24.466529717331948,0.0,99.84686883899344
2023-12-05 17:00:00,46.37000890564257,0.3312435323269388,9.642257038041203,0.0,98.14666373310153
2023-12-05 18:00:00,46.973305713482915,-0.48222574868998297,10.314953575998159,1.0,107.97753628598461
2023-12-05 19:00:00,47.956740061829905,0.4288143194244354,13.791696738374235,0.0,97.34553706200262
